{"initial_reset_timestamp": 1612430092.0941432, "timestamps": [1612430095.8095353], "episode_lengths": [200], "episode_rewards": [200.0], "episode_types": ["t"]}